일시,예상_재산피해규모(백만원)
2010-01-01,15.999614117606107
2010-01-02,55.97296174293588
2010-01-03,62.43965320417865
2010-01-04,831.5192213427017
2010-01-05,794.35827782622
2010-01-06,410.5669334808136
2010-01-07,335.2947120007396
2010-01-08,27.031455003300614
2010-01-09,17.27926147692027
2010-01-10,15.373210485719087
2010-01-11,59.06361980275912
2010-01-12,1145.4621105562394
2010-01-13,817.6806741754195
2010-01-14,39.90221927477974
2010-01-15,25.477989455088565
2010-01-16,16.55857855479293
2010-01-17,14.167396898361702
2010-01-18,15.78698849847419
2010-01-19,14.786469219118352
2010-01-20,103.92198253256748
2010-01-21,819.1224252500785
2010-01-22,410.3349276645798
2010-01-23,66.95256045499063
2010-01-24,14.440254285999202
2010-01-25,594.6104011512282
2010-01-26,24.736606623935906
2010-01-27,274.2515434695953
2010-01-28,37.563614471177196
2010-01-29,19.17345746945967
2010-01-30,110.8181386950497
2010-01-31,17.991304285712516
2010-02-01,168.92275377516364
2010-02-02,34.609478849683434
2010-02-03,42.1681390727549
2010-02-04,15.956326933593004
2010-02-05,14.167396898361702
2010-02-06,19.17345746945967
2010-02-07,15.78698849847419
2010-02-08,35.24199341388398
2010-02-09,15.78698849847419
2010-02-10,42.73774479233334
2010-02-11,349.40115335825254
2010-02-12,145.76808691867456
2010-02-13,31.68756108622801
2010-02-14,14.440254285999202
2010-02-15,70.78020362093156
2010-02-16,852.6927580394079
2010-02-17,45.80653567045048
2010-02-18,907.4751510403546
2010-02-19,24.377735051035476
2010-02-20,15.78698849847419
2010-02-21,15.78698849847419
2010-02-22,15.78698849847419
2010-02-23,15.78698849847419
2010-02-24,19.17345746945967
2010-02-25,124.02582722542076
2010-02-26,100.63436450944201
2010-02-27,113.53384595911541
2010-02-28,14.440254285999202
2010-03-01,756.1613342502633
2010-03-02,21.966559376032023
2010-03-03,82.7711220515059
2010-03-04,90.45101304165992
2010-03-05,106.29576974059026
2010-03-06,309.54185513381003
2010-03-07,20.225400044489504
2010-03-08,14.940840437727939
2010-03-09,1069.7273195940902
2010-03-10,819.8286928876366
2010-03-11,15.373210485719087
2010-03-12,25.043826812771055
2010-03-13,15.373210485719087
2010-03-14,366.60092608958473
2010-03-15,1798.547787819875
2010-03-16,836.5682181387031
2010-03-17,14.167396898361702
2010-03-18,43.53620936252626
2010-03-19,23.303784394919433
2010-03-20,836.5682181387031
2010-03-21,594.6104011512282
2010-03-22,70.68467171458641
2010-03-23,356.18079918780563
2010-03-24,105.32049083973733
2010-03-25,859.8311635102813
2010-03-26,872.3158813763562
2010-03-27,15.78698849847419
2010-03-28,16.55857855479293
2010-03-29,20.685189961439136
2010-03-30,15.956326933593004
2010-03-31,439.30043465281733
2010-04-01,1148.5601461550664
2010-04-02,70.78020362093156
2010-04-03,23.825040290773003
2010-04-04,15.78698849847419
2010-04-05,15.78698849847419
2010-04-06,72.97240306471937
2010-04-07,66.03352012783036
2010-04-08,15.78698849847419
2010-04-09,19.88540178320836
2010-04-10,15.78698849847419
2010-04-11,120.88244489726037
2010-04-12,104.53123820691579
2010-04-13,843.8723680815506
2010-04-14,66.03352012783036
2010-04-15,15.435425139820175
2010-04-16,15.78698849847419
2010-04-17,15.78698849847419
2010-04-18,42.1895652026847
2010-04-19,429.19466800696296
2010-04-20,15.78698849847419
2010-04-21,105.76213150749112
2010-04-22,163.47390531048947
2010-04-23,23.216253047812536
2010-04-24,20.685189961439136
2010-04-25,15.78698849847419
2010-04-26,160.93456365004084
2010-04-27,37.563614471177196
2010-04-28,158.27361552107047
2010-04-29,37.563614471177196
2010-04-30,18.09769799288695
2010-05-01,15.78698849847419
2010-05-02,15.78698849847419
2010-05-03,14.440254285999202
2010-05-04,15.78698849847419
2010-05-05,16.55857855479293
2010-05-06,22.792198790144077
2010-05-07,19.346738113486094
2010-05-08,15.78698849847419
2010-05-09,15.78698849847419
2010-05-10,78.9341008170133
2010-05-11,20.685189961439136
2010-05-12,14.535766448581366
2010-05-13,14.167396898361702
2010-05-14,15.78698849847419
2010-05-15,15.78698849847419
2010-05-16,15.78698849847419
2010-05-17,103.9032322477111
2010-05-18,342.79511568757005
2010-05-19,19.88540178320836
2010-05-20,15.78698849847419
2010-05-21,15.78698849847419
2010-05-22,266.8001851959308
2010-05-23,126.52486879942882
2010-05-24,26.223515526093067
2010-05-25,26.54826783816018
2010-05-26,13.461109382478558
2010-05-27,15.78698849847419
2010-05-28,15.78698849847419
2010-05-29,15.78698849847419
2010-05-30,15.78698849847419
2010-05-31,14.940840437727939
2010-06-01,16.55857855479293
2010-06-02,15.78698849847419
2010-06-03,15.78698849847419
2010-06-04,15.78698849847419
2010-06-05,15.78698849847419
2010-06-06,15.78698849847419
2010-06-07,19.88540178320836
2010-06-08,15.78698849847419
2010-06-09,15.78698849847419
2010-06-10,14.440254285999202
2010-06-11,168.03183091891935
2010-06-12,97.3587194619899
2010-06-13,15.78698849847419
2010-06-14,15.78698849847419
2010-06-15,15.78698849847419
2010-06-16,15.78698849847419
2010-06-17,19.000164326507623
2010-06-18,15.07140270366253
2010-06-19,15.07140270366253
2010-06-20,13.336601157227024
2010-06-21,14.440254285999202
2010-06-22,15.78698849847419
2010-06-23,15.07140270366253
2010-06-24,15.07140270366253
2010-06-25,141.76423987784793
2010-06-26,496.04386011095255
2010-06-27,293.56819538811965
2010-06-28,558.2124238547215
2010-06-29,257.5820165002144
2010-06-30,13.621622995267249
2010-07-01,12.733230768997522
2010-07-02,12.733230768997522
2010-07-03,111.05944554016
2010-07-04,12.733230768997522
2010-07-05,12.253830501067256
2010-07-06,12.253830501067256
2010-07-07,12.454621849504024
2010-07-08,12.253830501067256
2010-07-09,12.733230768997522
2010-07-10,295.6875446821534
2010-07-11,111.3124329594367
2010-07-12,122.23572438266505
2010-07-13,484.63387717168257
2010-07-14,133.0673717386936
2010-07-15,17.487607279316634
2010-07-16,94.93269850522847
2010-07-17,16.710601320224892
2010-07-18,17.327034912039178
2010-07-19,16.68109465086963
2010-07-20,20.409267557725425
2010-07-21,15.201554038830583
2010-07-22,17.725100955742718
2010-07-23,16.460361127723083
2010-07-24,119.739170338641
2010-07-25,25.654630471163003
2010-07-26,16.460361127723083
2010-07-27,1002.1294044750417
2010-07-28,813.920837226764
2010-07-29,27.710249803275914
2010-07-30,17.725100955742718
2010-07-31,17.725100955742718
2010-08-01,17.725100955742718
2010-08-02,18.03848051882522
2010-08-03,16.673785622487262
2010-08-04,18.03848051882522
2010-08-05,111.62965195923914
2010-08-06,22.80757665189806
2010-08-07,18.03848051882522
2010-08-08,16.170979732482735
2010-08-09,16.31173434561896
2010-08-10,4857.964582421442
2010-08-11,3641.1287694436705
2010-08-12,20.171734620605967
2010-08-13,20.171734620605967
2010-08-14,20.171734620605967
2010-08-15,16.02605023003005
2010-08-16,14.936723269654134
2010-08-17,16.673785622487262
2010-08-18,16.673785622487262
2010-08-19,16.673785622487262
2010-08-20,18.03848051882522
2010-08-21,19.93960486556833
2010-08-22,18.03848051882522
2010-08-23,18.03848051882522
2010-08-24,18.03848051882522
2010-08-25,200.61455887594423
2010-08-26,223.98225413127003
2010-08-27,626.760542447648
2010-08-28,822.4187961942446
2010-08-29,130.52051365070764
2010-08-30,186.3541705159115
2010-08-31,139.23255258530878
2010-09-01,3930.761605257263
2010-09-02,574.4215140734851
2010-09-03,17.725100955742718
2010-09-04,18.03848051882522
2010-09-05,114.8302294694975
2010-09-06,1029.4865762672
2010-09-07,26.20655750444847
2010-09-08,19.509565216246905
2010-09-09,20.171734620605967
2010-09-10,17.725100955742718
2010-09-11,16.47738285027236
2010-09-12,113.79172911546425
2010-09-13,12.253830501067256
2010-09-14,13.56160468602246
2010-09-15,13.621622995267249
2010-09-16,14.086588422108086
2010-09-17,13.56160468602246
2010-09-18,13.112300113264821
2010-09-19,17.725100955742718
2010-09-20,17.725100955742718
2010-09-21,18.623893768110438
2010-09-22,66.347856806246
2010-09-23,28.102067109506713
2010-09-24,12.551267025530464
2010-09-25,15.07140270366253
2010-09-26,108.95246132444512
2010-09-27,137.23137799447542
2010-09-28,24.736606623935906
2010-09-29,15.78698849847419
2010-09-30,14.440254285999202
2010-10-01,15.07140270366253
2010-10-02,115.616712290317
2010-10-03,107.82203074723182
2010-10-04,46.56094655240182
2010-10-05,22.792198790144077
2010-10-06,15.78698849847419
2010-10-07,13.780415845442963
2010-10-08,96.99193352865251
2010-10-09,15.78698849847419
2010-10-10,14.593987304112211
2010-10-11,15.78698849847419
2010-10-12,15.78698849847419
2010-10-13,19.17345746945967
2010-10-14,16.55857855479293
2010-10-15,20.623747971415465
2010-10-16,15.78698849847419
2010-10-17,15.78698849847419
2010-10-18,15.78698849847419
2010-10-19,14.440254285999202
2010-10-20,14.940840437727939
2010-10-21,14.54773251191818
2010-10-22,16.78040925738181
2010-10-23,147.95067181691502
2010-10-24,474.6990445553477
2010-10-25,775.3356172943672
2010-10-26,1196.403353811103
2010-10-27,15.373210485719087
2010-10-28,39.81146553694715
2010-10-29,18.38008187490414
2010-10-30,19.8337993170834
2010-10-31,31.68756108622801
2010-11-01,45.80653567045048
2010-11-02,38.86579219816265
2010-11-03,20.685189961439136
2010-11-04,15.78698849847419
2010-11-05,15.78698849847419
2010-11-06,15.78698849847419
2010-11-07,14.859459650635712
2010-11-08,843.8723680815506
2010-11-09,127.11277115111741
2010-11-10,16.55857855479293
2010-11-11,60.70068117020745
2010-11-12,15.999614117606107
2010-11-13,15.78698849847419
2010-11-14,62.43965320417865
2010-11-15,66.03352012783036
2010-11-16,15.435425139820175
2010-11-17,15.78698849847419
2010-11-18,15.78698849847419
2010-11-19,15.78698849847419
2010-11-20,15.78698849847419
2010-11-21,15.78698849847419
2010-11-22,66.03352012783036
2010-11-23,15.999614117606107
2010-11-24,16.019705400207542
2010-11-25,52.64844532345596
2010-11-26,45.80653567045048
2010-11-27,45.80653567045048
2010-11-28,86.03769402698711
2010-11-29,15.78698849847419
2010-11-30,15.78698849847419
2010-12-01,15.78698849847419
2010-12-02,95.47325290077225
2010-12-03,843.8723680815506
2010-12-04,15.757364407725417
2010-12-05,15.78698849847419
2010-12-06,837.6727818773072
2010-12-07,594.6104011512282
2010-12-08,885.017603905387
2010-12-09,834.9113058602344
2010-12-10,22.792198790144077
2010-12-11,72.35080422256844
2010-12-12,108.95246132444512
2010-12-13,414.9671695251639
2010-12-14,843.8723680815506
2010-12-15,907.4751510403546
2010-12-16,152.1927994498552
2010-12-17,30.19987175875846
2010-12-18,14.859459650635712
2010-12-19,14.535766448581366
2010-12-20,17.27926147692027
2010-12-21,15.435425139820175
2010-12-22,19.8337993170834
2010-12-23,72.97240306471937
2010-12-24,907.4751510403546
2010-12-25,441.8953053858336
2010-12-26,1130.3309481706046
2010-12-27,290.00893201309816
2010-12-28,1069.4532332353583
2010-12-29,63.459317178337685
2010-12-30,845.5913066063941
2010-12-31,1142.3411944629568
2011-01-01,1210.8831964566382
2011-01-02,24.377735051035476
2011-01-03,45.80653567045048
2011-01-04,64.04557641755957
2011-01-05,43.53620936252626
2011-01-06,861.6939293682619
2011-01-07,466.1013205732229
2011-01-08,14.167396898361702
2011-01-09,843.8723680815506
2011-01-10,53.655170034123095
2011-01-11,41.19930102186441
2011-01-12,66.03352012783036
2011-01-13,14.440254285999202
2011-01-14,14.167396898361702
2011-01-15,940.5452059933174
2011-01-16,843.8723680815506
2011-01-17,63.459317178337685
2011-01-18,20.623747971415465
2011-01-19,27.031455003300614
2011-01-20,20.623747971415465
2011-01-21,368.86056689344247
2011-01-22,24.964614187347824
2011-01-23,81.88446433535671
2011-01-24,410.5669334808136
2011-01-25,36.468611836696624
2011-01-26,27.031455003300614
2011-01-27,27.031455003300614
2011-01-28,35.455437012920086
2011-01-29,836.5682181387031
2011-01-30,821.4072257473571
2011-01-31,610.9276146464737
2011-02-01,13.461109382478558
2011-02-02,15.78698849847419
2011-02-03,15.78698849847419
2011-02-04,15.78698849847419
2011-02-05,14.440254285999202
2011-02-06,26.544454172684645
2011-02-07,14.859459650635712
2011-02-08,101.31910567685813
2011-02-09,42.1681390727549
2011-02-10,101.88354994376873
2011-02-11,843.8723680815506
2011-02-12,1133.1388063465633
2011-02-13,23.38373893054303
2011-02-14,367.68493778047855
2011-02-15,24.964614187347824
2011-02-16,120.07034836840751
2011-02-17,168.76549284608157
2011-02-18,59.309420118201324
2011-02-19,15.78698849847419
2011-02-20,15.78698849847419
2011-02-21,15.373210485719087
2011-02-22,14.440254285999202
2011-02-23,15.78698849847419
2011-02-24,14.167396898361702
2011-02-25,24.964614187347824
2011-02-26,14.940840437727939
2011-02-27,170.87589857764505
2011-02-28,20.623747971415465
2011-03-01,422.600847918885
2011-03-02,420.03322804099173
2011-03-03,420.03322804099173
2011-03-04,27.727053107651518
2011-03-05,15.78698849847419
2011-03-06,24.55056469355681
2011-03-07,594.6104011512282
2011-03-08,35.59946078001211
2011-03-09,22.067750835813797
2011-03-10,15.435425139820175
2011-03-11,14.167396898361702
2011-03-12,14.440254285999202
2011-03-13,15.78698849847419
2011-03-14,20.428242802338758
2011-03-15,497.07219840922346
2011-03-16,497.07219840922346
2011-03-17,24.736606623935906
2011-03-18,15.373210485719087
2011-03-19,14.440254285999202
2011-03-20,292.2822147652257
2011-03-21,224.63796675167038
2011-03-22,420.03322804099173
2011-03-23,24.377735051035476
2011-03-24,22.792198790144077
2011-03-25,311.655994198867
2011-03-26,24.377735051035476
2011-03-27,15.78698849847419
2011-03-28,15.089008054194085
2011-03-29,19.17345746945967
2011-03-30,14.535766448581366
2011-03-31,15.78698849847419
2011-04-01,15.78698849847419
2011-04-02,15.78698849847419
2011-04-03,119.15145660456204
2011-04-04,15.373210485719087
2011-04-05,15.78698849847419
2011-04-06,14.859459650635712
2011-04-07,473.4489107536248
2011-04-08,90.45101304165992
2011-04-09,15.78698849847419
2011-04-10,15.78698849847419
2011-04-11,38.86579219816265
2011-04-12,14.024495091022338
2011-04-13,15.78698849847419
2011-04-14,15.78698849847419
2011-04-15,13.977274805755968
2011-04-16,21.966559376032023
2011-04-17,15.78698849847419
2011-04-18,39.81146553694715
2011-04-19,34.609478849683434
2011-04-20,15.78698849847419
2011-04-21,15.373210485719087
2011-04-22,153.65835309964427
2011-04-23,23.216253047812536
2011-04-24,22.56909204394262
2011-04-25,18.38008187490414
2011-04-26,27.031455003300614
2011-04-27,19.17345746945967
2011-04-28,22.241531968222056
2011-04-29,19.346738113486094
2011-04-30,944.5270531666563
2011-05-01,19.519608868509714
2011-05-02,15.78698849847419
2011-05-03,13.461109382478558
2011-05-04,14.440254285999202
2011-05-05,15.78698849847419
2011-05-06,16.55857855479293
2011-05-07,14.440254285999202
2011-05-08,15.78698849847419
2011-05-09,23.409390901057748
2011-05-10,74.44110733962292
2011-05-11,426.7325969626158
2011-05-12,14.167396898361702
2011-05-13,17.691601622705136
2011-05-14,14.167396898361702
2011-05-15,15.78698849847419
2011-05-16,15.78698849847419
2011-05-17,15.78698849847419
2011-05-18,13.94121870820359
2011-05-19,19.8337993170834
2011-05-20,15.78698849847419
2011-05-21,15.78698849847419
2011-05-22,17.341945788356718
2011-05-23,453.6184677451068
2011-05-24,17.095690215372844
2011-05-25,26.366837939236476
2011-05-26,121.76234946282275
2011-05-27,15.78698849847419
2011-05-28,14.372074756509127
2011-05-29,16.867957627874986
2011-05-30,15.78698849847419
2011-05-31,15.373210485719087
2011-06-01,15.78698849847419
2011-06-02,15.78698849847419
2011-06-03,15.78698849847419
2011-06-04,15.78698849847419
2011-06-05,15.78698849847419
2011-06-06,15.78698849847419
2011-06-07,15.78698849847419
2011-06-08,15.78698849847419
2011-06-09,15.78698849847419
2011-06-10,524.3446808842159
2011-06-11,498.3026793153469
2011-06-12,15.78698849847419
2011-06-13,15.78698849847419
2011-06-14,15.78698849847419
2011-06-15,119.15145660456204
2011-06-16,224.57144577692736
2011-06-17,15.78698849847419
2011-06-18,94.52112178138685
2011-06-19,99.74158414575228
2011-06-20,15.78698849847419
2011-06-21,428.09047530005154
2011-06-22,946.7440932925163
2011-06-23,23.723311280388913
2011-06-24,18.25428236441384
2011-06-25,3816.0636955507853
2011-06-26,2075.3528255647125
2011-06-27,13.259674752334934
2011-06-28,249.5177432441488
2011-06-29,15.998924763782643
2011-06-30,743.3185080310585
2011-07-01,15.861179245274135
2011-07-02,12.253830501067256
2011-07-03,13.605442813478803
2011-07-04,21.444142944643957
2011-07-05,14.086588422108086
2011-07-06,152.0663926962297
2011-07-07,32.31344225216412
2011-07-08,92.42894328380781
2011-07-09,141.21596940960916
2011-07-10,19.509565216246905
2011-07-11,18.256458517798606
2011-07-12,18.77602447002777
2011-07-13,18.77602447002777
2011-07-14,15.983437807112608
2011-07-15,17.878234606988798
2011-07-16,17.725100955742718
2011-07-17,16.673785622487262
2011-07-18,14.873083917664832
2011-07-19,20.33579731470489
2011-07-20,16.673785622487262
2011-07-21,18.476015374315455
2011-07-22,17.3502463449285
2011-07-23,14.278333796845793
2011-07-24,17.67207167772211
2011-07-25,11.780485157219662
2011-07-26,17.485972541250682
2011-07-27,15.94093259875773
2011-07-28,16.780156897555425
2011-07-29,16.673785622487262
2011-07-30,16.673785622487262
2011-07-31,18.03848051882522
2011-08-01,110.114645899033
2011-08-02,105.76133507163712
2011-08-03,16.84541071152813
2011-08-04,19.93960486556833
2011-08-05,18.03848051882522
2011-08-06,226.81314282021748
2011-08-07,9298.05630727687
2011-08-08,159.0001468923278
2011-08-09,19.17002617150849
2011-08-10,18.476015374315455
2011-08-11,19.560790811439496
2011-08-12,19.560790811439496
2011-08-13,121.84694593271192
2011-08-14,19.784032815233946
2011-08-15,18.476015374315455
2011-08-16,17.547786608606902
2011-08-17,17.725100955742718
2011-08-18,14.539672790491526
2011-08-19,12.253830501067256
2011-08-20,24.76410367717775
2011-08-21,12.733230768997522
2011-08-22,132.9620110025732
2011-08-23,505.41541563243084
2011-08-24,12.733230768997522
2011-08-25,17.3502463449285
2011-08-26,147.1804318002744
2011-08-27,19.509565216246905
2011-08-28,19.509565216246905
2011-08-29,19.509565216246905
2011-08-30,17.625439963293186
2011-08-31,14.278333796845793
2011-09-01,16.252314645227827
2011-09-02,13.174772421948258
2011-09-03,18.315268836683714
2011-09-04,12.253830501067256
2011-09-05,11.117252002199002
2011-09-06,15.07140270366253
2011-09-07,15.07140270366253
2011-09-08,15.07140270366253
2011-09-09,14.051301280069524
2011-09-10,927.1512327204499
2011-09-11,109.09180996790053
2011-09-12,17.3502463449285
2011-09-13,17.625439963293186
2011-09-14,12.021841508374747
2011-09-15,20.171734620605967
2011-09-16,13.583623106223168
2011-09-17,21.823924607375517
2011-09-18,19.596436575392246
2011-09-19,14.490608023700581
2011-09-20,19.8337993170834
2011-09-21,20.623747971415465
2011-09-22,14.535766448581366
2011-09-23,15.78698849847419
2011-09-24,15.07140270366253
2011-09-25,15.07140270366253
2011-09-26,14.086588422108086
2011-09-27,15.07140270366253
2011-09-28,12.253830501067256
2011-09-29,133.44529524815403
2011-09-30,34.609478849683434
2011-10-01,23.216253047812536
2011-10-02,36.468611836696624
2011-10-03,23.069314973334656
2011-10-04,15.78698849847419
2011-10-05,16.019705400207542
2011-10-06,19.8337993170834
2011-10-07,15.373210485719087
2011-10-08,15.78698849847419
2011-10-09,15.78698849847419
2011-10-10,15.07140270366253
2011-10-11,15.373210485719087
2011-10-12,15.78698849847419
2011-10-13,15.07140270366253
2011-10-14,462.0720072844518
2011-10-15,25.477989455088565
2011-10-16,15.305725780779412
2011-10-17,14.54773251191818
2011-10-18,16.55857855479293
2011-10-19,15.78698849847419
2011-10-20,15.78698849847419
2011-10-21,82.72088875602583
2011-10-22,21.000878669766177
2011-10-23,15.78698849847419
2011-10-24,42.73774479233334
2011-10-25,623.5596360205268
2011-10-26,15.373210485719087
2011-10-27,15.78698849847419
2011-10-28,15.78698849847419
2011-10-29,15.78698849847419
2011-10-30,14.057254586414444
2011-10-31,14.940840437727939
2011-11-01,15.78698849847419
2011-11-02,15.07140270366253
2011-11-03,440.02393205928047
2011-11-04,552.4489725498024
2011-11-05,402.0272730994228
2011-11-06,21.477507270168303
2011-11-07,15.78698849847419
2011-11-08,14.167396898361702
2011-11-09,328.57286843109995
2011-11-10,69.7538164720128
2011-11-11,104.0945734708501
2011-11-12,15.373210485719087
2011-11-13,15.373210485719087
2011-11-14,20.623747971415465
2011-11-15,14.440254285999202
2011-11-16,15.78698849847419
2011-11-17,464.9358627938525
2011-11-18,498.0227711523817
2011-11-19,78.90607655444023
2011-11-20,610.9276146464737
2011-11-21,14.372074756509127
2011-11-22,19.88540178320836
2011-11-23,427.7684406329538
2011-11-24,29.09869193674632
2011-11-25,15.78698849847419
2011-11-26,15.78698849847419
2011-11-27,15.78698849847419
2011-11-28,15.78698849847419
2011-11-29,15.78698849847419
2011-11-30,95.62464267110352
2011-12-01,139.49475130707123
2011-12-02,121.73434832169013
2011-12-03,44.243641676308044
2011-12-04,15.956326933593004
2011-12-05,13.461109382478558
2011-12-06,14.440254285999202
2011-12-07,70.29493695106322
2011-12-08,765.6436596182883
2011-12-09,357.11799665596567
2011-12-10,61.76299007247198
2011-12-11,19.17345746945967
2011-12-12,15.78698849847419
2011-12-13,15.78698849847419
2011-12-14,13.461109382478558
2011-12-15,45.80653567045048
2011-12-16,452.3368210715188
2011-12-17,23.924336609602598
2011-12-18,15.181833190766367
2011-12-19,14.372074756509127
2011-12-20,15.78698849847419
2011-12-21,15.34836019011988
2011-12-22,442.1450906343156
2011-12-23,23.924336609602598
2011-12-24,518.9819953245911
2011-12-25,69.24332022072863
2011-12-26,24.736606623935906
2011-12-27,14.859459650635712
2011-12-28,15.78698849847419
2011-12-29,24.377735051035476
2011-12-30,22.163251222462158
2011-12-31,15.373210485719087
2012-01-01,67.50097846399797
2012-01-02,32.70543523754359
2012-01-03,70.78020362093156
2012-01-04,600.6662981373285
2012-01-05,23.498206681016015
2012-01-06,16.55857855479293
2012-01-07,16.55857855479293
2012-01-08,13.461109382478558
2012-01-09,15.181833190766367
2012-01-10,19.8337993170834
2012-01-11,52.64844532345596
2012-01-12,19.17345746945967
2012-01-13,15.373210485719087
2012-01-14,15.373210485719087
2012-01-15,14.440254285999202
2012-01-16,15.78698849847419
2012-01-17,15.78698849847419
2012-01-18,15.78698849847419
2012-01-19,13.461109382478558
2012-01-20,78.07286936774442
2012-01-21,25.60767769601511
2012-01-22,459.8403611133329
2012-01-23,66.03352012783036
2012-01-24,20.623747971415465
2012-01-25,57.4548629268847
2012-01-26,14.786469219118352
2012-01-27,15.78698849847419
2012-01-28,14.456539200918897
2012-01-29,19.17345746945967
2012-01-30,19.216306905437126
2012-01-31,13.461109382478558
2012-02-01,238.4639926624257
2012-02-02,851.9469247331907
2012-02-03,18.38008187490414
2012-02-04,15.78698849847419
2012-02-05,15.78698849847419
2012-02-06,142.8699605978481
2012-02-07,856.2592549587082
2012-02-08,363.698703131536
2012-02-09,25.477989455088565
2012-02-10,15.435425139820175
2012-02-11,14.26049355253361
2012-02-12,15.78698849847419
2012-02-13,23.412973672103114
2012-02-14,329.6844287239819
2012-02-15,78.5301985063445
2012-02-16,26.6376038485109
2012-02-17,441.8953053858336
2012-02-18,61.0744758010463
2012-02-19,23.924336609602598
2012-02-20,15.78698849847419
2012-02-21,120.26566154254704
2012-02-22,47.044053375172744
2012-02-23,100.89940709009588
2012-02-24,15.78698849847419
2012-02-25,43.53620936252626
2012-02-26,24.377735051035476
2012-02-27,19.17345746945967
2012-02-28,125.86267106848393
2012-02-29,14.440254285999202
2012-03-01,15.78698849847419
2012-03-02,115.50148134123447
2012-03-03,15.78698849847419
2012-03-04,135.97355286400222
2012-03-05,228.64490123139925
2012-03-06,21.402142367474184
2012-03-07,19.17345746945967
2012-03-08,19.17345746945967
2012-03-09,20.623747971415465
2012-03-10,21.056653445700903
2012-03-11,64.66623336323678
2012-03-12,63.459317178337685
2012-03-13,15.78698849847419
2012-03-14,15.78698849847419
2012-03-15,15.78698849847419
2012-03-16,129.18443850489206
2012-03-17,15.373210485719087
2012-03-18,133.74817642303967
2012-03-19,16.55857855479293
2012-03-20,25.477989455088565
2012-03-21,38.586928908626554
2012-03-22,397.7415201880618
2012-03-23,271.898054957236
2012-03-24,410.5669334808136
2012-03-25,25.632055571310538
2012-03-26,18.38008187490414
2012-03-27,15.78698849847419
2012-03-28,15.78698849847419
2012-03-29,15.373210485719087
2012-03-30,546.671549590496
2012-03-31,385.7644063861887
2012-04-01,26.88209886771719
2012-04-02,33.747236557196025
2012-04-03,1033.4441679119464
2012-04-04,34.609478849683434
2012-04-05,20.623747971415465
2012-04-06,20.685189961439136
2012-04-07,15.78698849847419
2012-04-08,16.867957627874986
2012-04-09,15.593641014459237
2012-04-10,406.9316175298721
2012-04-11,141.48259440841605
2012-04-12,13.824299435898695
2012-04-13,15.78698849847419
2012-04-14,15.78698849847419
2012-04-15,15.78698849847419
2012-04-16,14.804238111685883
2012-04-17,15.373210485719087
2012-04-18,14.440254285999202
2012-04-19,102.06805014865614
2012-04-20,94.62065254775186
2012-04-21,789.393223843668
2012-04-22,15.373210485719087
2012-04-23,15.78698849847419
2012-04-24,16.019705400207542
2012-04-25,689.681516704645
2012-04-26,66.03352012783036
2012-04-27,15.78698849847419
2012-04-28,15.78698849847419
2012-04-29,397.96805637581656
2012-04-30,168.28801894892513
2012-05-01,513.0168125196543
2012-05-02,87.70716848519395
2012-05-03,16.55857855479293
2012-05-04,15.78698849847419
2012-05-05,15.78698849847419
2012-05-06,15.78698849847419
2012-05-07,15.78698849847419
2012-05-08,14.440254285999202
2012-05-09,15.78698849847419
2012-05-10,14.440254285999202
2012-05-11,15.78698849847419
2012-05-12,15.78698849847419
2012-05-13,15.78698849847419
2012-05-14,116.26469998503957
2012-05-15,23.86398688544311
2012-05-16,14.440254285999202
2012-05-17,15.956326933593004
2012-05-18,15.78698849847419
2012-05-19,15.78698849847419
2012-05-20,15.78698849847419
2012-05-21,15.78698849847419
2012-05-22,15.78698849847419
2012-05-23,15.78698849847419
2012-05-24,19.88540178320836
2012-05-25,137.23137799447542
2012-05-26,14.859459650635712
2012-05-27,15.78698849847419
2012-05-28,15.78698849847419
2012-05-29,15.78698849847419
2012-05-30,14.440254285999202
2012-05-31,15.78698849847419
2012-06-01,15.78698849847419
2012-06-02,15.78698849847419
2012-06-03,15.78698849847419
2012-06-04,13.780415845442963
2012-06-05,15.07140270366253
2012-06-06,15.07140270366253
2012-06-07,13.780415845442963
2012-06-08,19.88540178320836
2012-06-09,15.07140270366253
2012-06-10,15.07140270366253
2012-06-11,15.07140270366253
2012-06-12,14.086588422108086
2012-06-13,15.07140270366253
2012-06-14,13.780415845442963
2012-06-15,94.2483073850886
2012-06-16,14.182268424539691
2012-06-17,15.07140270366253
2012-06-18,556.7883027763872
2012-06-19,115.81648797188093
2012-06-20,15.07140270366253
2012-06-21,12.443580501765702
2012-06-22,15.07140270366253
2012-06-23,12.872323029054098
2012-06-24,138.02271138820828
2012-06-25,14.29656380057748
2012-06-26,14.54773251191818
2012-06-27,13.713510856660474
2012-06-28,13.780415845442963
2012-06-29,125.72813211534452
2012-06-30,16.427581336459355
2012-07-01,117.78861774881656
2012-07-02,132.9620110025732
2012-07-03,108.23778099685501
2012-07-04,127.54574532915106
2012-07-05,18.25428236441384
2012-07-06,23.303341513787252
2012-07-07,12.253830501067256
2012-07-08,14.086588422108086
2012-07-09,14.086588422108086
2012-07-10,16.89905049475267
2012-07-11,1441.9915636418518
2012-07-12,17.625439963293186
2012-07-13,125.77116191682256
2012-07-14,112.72214341636068
2012-07-15,111.69716737174565
2012-07-16,27.478954685249114
2012-07-17,192.1955784863049
2012-07-18,3313.800248310651
2012-07-19,24.0732328367829
2012-07-20,17.3502463449285
2012-07-21,29.732007476583668
2012-07-22,17.725100955742718
2012-07-23,17.725100955742718
2012-07-24,17.725100955742718
2012-07-25,17.725100955742718
2012-07-26,16.460361127723083
2012-07-27,16.673785622487262
2012-07-28,18.03848051882522
2012-07-29,18.03848051882522
2012-07-30,18.03848051882522
2012-07-31,19.93960486556833
2012-08-01,18.04484362141706
2012-08-02,1045.2837704708888
2012-08-03,32.74085444319887
2012-08-04,18.03848051882522
2012-08-05,18.03848051882522
2012-08-06,19.93960486556833
2012-08-07,15.887553193634455
2012-08-08,15.887553193634455
2012-08-09,16.673785622487262
2012-08-10,30.83850138567492
2012-08-11,148.4286466162367
2012-08-12,18.623893768110438
2012-08-13,18.03848051882522
2012-08-14,204.61226687034548
2012-08-15,16.31173434561896
2012-08-16,93.10822798201521
2012-08-17,19.93960486556833
2012-08-18,18.03848051882522
2012-08-19,18.03848051882522
2012-08-20,16.673785622487262
2012-08-21,87.22047291773754
2012-08-22,843.6508358071804
2012-08-23,607.7179641023494
2012-08-24,957.8880069672027
2012-08-25,18.03848051882522
2012-08-26,16.673785622487262
2012-08-27,8716.708312256407
2012-08-28,12142.016819151955
2012-08-29,17.652809451491912
2012-08-30,7589.449559651419
2012-08-31,12.253830501067256
2012-09-01,14.086588422108086
2012-09-02,13.56160468602246
2012-09-03,12.253830501067256
2012-09-04,17.625439963293186
2012-09-05,133.29560110446494
2012-09-06,12.733230768997522
2012-09-07,12.12200662886413
2012-09-08,123.95189960370249
2012-09-09,490.7031389366115
2012-09-10,100.18138902337199
2012-09-11,13.621622995267249
2012-09-12,14.086588422108086
2012-09-13,10.403320382997832
2012-09-14,94.1206000232911
2012-09-15,18.235559555700615
2012-09-16,2939.3767459923156
2012-09-17,4452.829465091027
2012-09-18,15.07140270366253
2012-09-19,15.78698849847419
2012-09-20,15.78698849847419
2012-09-21,15.78698849847419
2012-09-22,15.78698849847419
2012-09-23,15.78698849847419
2012-09-24,15.07140270366253
2012-09-25,15.07140270366253
2012-09-26,15.07140270366253
2012-09-27,15.07140270366253
2012-09-28,13.518853245825955
2012-09-29,22.792198790144077
2012-09-30,30.19987175875846
2012-10-01,14.057254586414444
2012-10-02,15.78698849847419
2012-10-03,15.78698849847419
2012-10-04,15.78698849847419
2012-10-05,15.78698849847419
2012-10-06,15.78698849847419
2012-10-07,15.78698849847419
2012-10-08,15.78698849847419
2012-10-09,15.78698849847419
2012-10-10,13.461109382478558
2012-10-11,24.377735051035476
2012-10-12,14.440254285999202
2012-10-13,15.78698849847419
2012-10-14,14.440254285999202
2012-10-15,14.940840437727939
2012-10-16,15.78698849847419
2012-10-17,63.459317178337685
2012-10-18,45.80653567045048
2012-10-19,15.78698849847419
2012-10-20,15.78698849847419
2012-10-21,15.78698849847419
2012-10-22,124.8984911603556
2012-10-23,30.19987175875846
2012-10-24,15.78698849847419
2012-10-25,15.78698849847419
2012-10-26,26.366837939236476
2012-10-27,327.1230689359501
2012-10-28,22.241531968222056
2012-10-29,20.685189961439136
2012-10-30,21.00994889146842
2012-10-31,21.801931248857652
2012-11-01,31.172117956043742
2012-11-02,15.78698849847419
2012-11-03,15.78698849847419
2012-11-04,136.99719277319633
2012-11-05,14.535766448581366
2012-11-06,21.801931248857652
2012-11-07,19.774715257533515
2012-11-08,14.167396898361702
2012-11-09,15.78698849847419
2012-11-10,293.5971458599141
2012-11-11,245.1766234902032
2012-11-12,20.623747971415465
2012-11-13,432.81798599347087
2012-11-14,38.86579219816265
2012-11-15,20.522800801407186
2012-11-16,137.23137799447542
2012-11-17,263.1994772677082
2012-11-18,16.55857855479293
2012-11-19,22.469496613371454
2012-11-20,19.17345746945967
2012-11-21,15.78698849847419
2012-11-22,15.78698849847419
2012-11-23,39.81146553694715
2012-11-24,25.609822623404362
2012-11-25,106.34491092002469
2012-11-26,461.13762594200296
2012-11-27,21.458708841343547
2012-11-28,15.373210485719087
2012-11-29,16.55857855479293
2012-11-30,14.024495091022338
2012-12-01,22.163251222462158
2012-12-02,14.167396898361702
2012-12-03,51.79847920079079
2012-12-04,65.22315152385858
2012-12-05,889.2668342312159
2012-12-06,538.3786732402718
2012-12-07,95.41902299624361
2012-12-08,44.25441470019066
2012-12-09,452.3368210715188
2012-12-10,15.956326933593004
2012-12-11,22.067750835813797
2012-12-12,15.328039622843525
2012-12-13,14.440254285999202
2012-12-14,555.4677740813487
2012-12-15,115.50148134123447
2012-12-16,15.373210485719087
2012-12-17,53.655170034123095
2012-12-18,442.1450906343156
2012-12-19,29.09869193674632
2012-12-20,14.440254285999202
2012-12-21,275.83017126506826
2012-12-22,52.64844532345596
2012-12-23,500.5681056051893
2012-12-24,78.9341008170133
2012-12-25,27.031455003300614
2012-12-26,16.55857855479293
2012-12-27,70.33592850497374
2012-12-28,473.4489107536248
2012-12-29,86.48533621437514
2012-12-30,491.281939731159
2012-12-31,63.459317178337685
2013-01-01,20.623747971415465
2013-01-02,21.801931248857652
2013-01-03,26.6376038485109
2013-01-04,14.26049355253361
2013-01-05,15.435425139820175
2013-01-06,14.167396898361702
2013-01-07,15.956326933593004
2013-01-08,20.623747971415465
2013-01-09,24.161357528815536
2013-01-10,14.26049355253361
2013-01-11,15.78698849847419
2013-01-12,15.78698849847419
2013-01-13,14.440254285999202
2013-01-14,30.19987175875846
2013-01-15,13.461109382478558
2013-01-16,21.00994889146842
2013-01-17,356.0213880561776
2013-01-18,24.377735051035476
2013-01-19,15.78698849847419
2013-01-20,15.373210485719087
2013-01-21,312.3342488779183
2013-01-22,30.19987175875846
2013-01-23,14.54773251191818
2013-01-24,35.59946078001211
2013-01-25,53.655170034123095
2013-01-26,24.736606623935906
2013-01-27,53.655170034123095
2013-01-28,15.328039622843525
2013-01-29,15.78698849847419
2013-01-30,15.78698849847419
2013-01-31,14.843893920186531
2013-02-01,162.34706373759803
2013-02-02,29.178808818385352
2013-02-03,86.54641252140168
2013-02-04,43.53620936252626
2013-02-05,118.45388381752693
2013-02-06,39.81146553694715
2013-02-07,385.7644063861887
2013-02-08,45.80653567045048
2013-02-09,15.373210485719087
2013-02-10,15.373210485719087
2013-02-11,16.55857855479293
2013-02-12,47.48565669260006
2013-02-13,24.113938737766375
2013-02-14,19.88540178320836
2013-02-15,25.864353623997737
2013-02-16,20.623747971415465
2013-02-17,145.9290912719572
2013-02-18,97.280270115646
2013-02-19,136.38653264527588
2013-02-20,25.37625622575603
2013-02-21,15.78698849847419
2013-02-22,14.940840437727939
2013-02-23,19.8337993170834
2013-02-24,14.440254285999202
2013-02-25,15.78698849847419
2013-02-26,20.88871677712443
2013-02-27,16.55857855479293
2013-02-28,15.373210485719087
2013-03-01,746.6278762652955
2013-03-02,63.459317178337685
2013-03-03,14.535766448581366
2013-03-04,14.535766448581366
2013-03-05,15.78698849847419
2013-03-06,15.78698849847419
2013-03-07,19.118465951095327
2013-03-08,16.867957627874986
2013-03-09,23.303784394919433
2013-03-10,63.459317178337685
2013-03-11,19.17345746945967
2013-03-12,16.238483856399505
2013-03-13,400.93408725975485
2013-03-14,21.966559376032023
2013-03-15,15.78698849847419
2013-03-16,15.78698849847419
2013-03-17,154.30716186723157
2013-03-18,533.8621952013268
2013-03-19,14.440254285999202
2013-03-20,840.8418096842063
2013-03-21,36.45908468905679
2013-03-22,16.55857855479293
2013-03-23,14.56009759047404
2013-03-24,27.323599844710063
2013-03-25,46.56094655240182
2013-03-26,14.167396898361702
2013-03-27,15.78698849847419
2013-03-28,14.26049355253361
2013-03-29,20.623747971415465
2013-03-30,15.78698849847419
2013-03-31,14.057254586414444
2013-04-01,14.372074756509127
2013-04-02,45.80653567045048
2013-04-03,19.17345746945967
2013-04-04,15.78698849847419
2013-04-05,89.58188974740582
2013-04-06,2708.0910101534137
2013-04-07,1074.7214003311105
2013-04-08,15.78698849847419
2013-04-09,23.216253047812536
2013-04-10,20.623747971415465
2013-04-11,19.8337993170834
2013-04-12,14.167396898361702
2013-04-13,15.55532462904871
2013-04-14,35.41214228679058
2013-04-15,15.373210485719087
2013-04-16,22.638597137493413
2013-04-17,15.78698849847419
2013-04-18,23.169351498254528
2013-04-19,24.964614187347824
2013-04-20,78.034353470431
2013-04-21,21.393662932879778
2013-04-22,15.373210485719087
2013-04-23,442.74135062630444
2013-04-24,21.000878669766177
2013-04-25,15.373210485719087
2013-04-26,17.444116906635287
2013-04-27,14.440254285999202
2013-04-28,16.55857855479293
2013-04-29,83.0728865963716
2013-04-30,70.43601332991254
2013-05-01,20.685189961439136
2013-05-02,15.78698849847419
2013-05-03,15.78698849847419
2013-05-04,15.78698849847419
2013-05-05,15.78698849847419
2013-05-06,15.78698849847419
2013-05-07,14.440254285999202
2013-05-08,14.440254285999202
2013-05-09,79.30554094025334
2013-05-10,331.12161934308676
2013-05-11,15.78698849847419
2013-05-12,15.78698849847419
2013-05-13,15.78698849847419
2013-05-14,15.78698849847419
2013-05-15,15.78698849847419
2013-05-16,14.940840437727939
2013-05-17,14.440254285999202
2013-05-18,120.855249722964
2013-05-19,113.83843606916955
2013-05-20,13.461109382478558
2013-05-21,15.78698849847419
2013-05-22,15.78698849847419
2013-05-23,15.78698849847419
2013-05-24,15.78698849847419
2013-05-25,15.07140270366253
2013-05-26,18.657466286336454
2013-05-27,863.7265479134919
2013-05-28,279.98015892870404
2013-05-29,15.78698849847419
2013-05-30,15.78698849847419
2013-05-31,15.78698849847419
2013-06-01,15.78698849847419
2013-06-02,14.859459650635712
2013-06-03,15.78698849847419
2013-06-04,15.78698849847419
2013-06-05,15.78698849847419
2013-06-06,15.78698849847419
2013-06-07,13.780415845442963
2013-06-08,107.73826100036186
2013-06-09,105.14928458325375
2013-06-10,25.10245030903966
2013-06-11,20.719136513021496
2013-06-12,15.78698849847419
2013-06-13,15.78698849847419
2013-06-14,160.4493549542024
2013-06-15,15.07140270366253
2013-06-16,15.07140270366253
2013-06-17,15.07140270366253
2013-06-18,11.624398028560826
2013-06-19,337.4061027415081
2013-06-20,101.88072756594252
2013-06-21,60.868754209115295
2013-06-22,15.07140270366253
2013-06-23,22.381714232794312
2013-06-24,22.02836419295129
2013-06-25,125.72813211534452
2013-06-26,423.2808414998858
2013-06-27,19.000164326507623
2013-06-28,14.086588422108086
2013-06-29,14.086588422108086
2013-06-30,12.733230768997522
2013-07-01,12.253830501067256
2013-07-02,18.2044268641447
2013-07-03,33.15543154159346
2013-07-04,18.483408949548515
2013-07-05,40.39240421292218
2013-07-06,70.97246893074681
2013-07-07,19.34937726277269
2013-07-08,38.4566950468298
2013-07-09,18.1003360076794
2013-07-10,20.171734620605967
2013-07-11,20.171734620605967
2013-07-12,17.725100955742718
2013-07-13,15.50335152887208
2013-07-14,15.201554038830583
2013-07-15,17.76577795025135
2013-07-16,17.840124967116573
2013-07-17,15.887553193634455
2013-07-18,18.623893768110438
2013-07-19,16.673785622487262
2013-07-20,15.303672068316708
2013-07-21,14.936723269654134
2013-07-22,16.673785622487262
2013-07-23,15.067646662701469
2013-07-24,15.94093259875773
2013-07-25,16.673785622487262
2013-07-26,16.673785622487262
2013-07-27,16.673785622487262
2013-07-28,16.673785622487262
2013-07-29,16.673785622487262
2013-07-30,19.93960486556833
2013-07-31,18.03848051882522
2013-08-01,18.03848051882522
2013-08-02,19.93960486556833
2013-08-03,17.725100955742718
2013-08-04,107.32721893156886
2013-08-05,16.943095857443325
2013-08-06,18.03848051882522
2013-08-07,18.03848051882522
2013-08-08,18.03848051882522
2013-08-09,18.03848051882522
2013-08-10,19.93960486556833
2013-08-11,18.03848051882522
2013-08-12,18.03848051882522
2013-08-13,18.03848051882522
2013-08-14,19.93960486556833
2013-08-15,19.93960486556833
2013-08-16,18.03848051882522
2013-08-17,24.66524168752821
2013-08-18,22.50191281210746
2013-08-19,151.70750488428587
2013-08-20,19.93960486556833
2013-08-21,24.828761522835677
2013-08-22,115.13317351679146
2013-08-23,134.6717500116394
2013-08-24,211.08331762237992
2013-08-25,1207.6212765911614
2013-08-26,19.509565216246905
2013-08-27,14.033428634171033
2013-08-28,10.39601368130759
2013-08-29,29.059081372987265
2013-08-30,807.1288571820718
2013-08-31,15.605983462003309
2013-09-01,11.667277532288246
2013-09-02,15.363431267976244
2013-09-03,18.7180269943788
2013-09-04,18.44758971554461
2013-09-05,13.56160468602246
2013-09-06,119.47383774036926
2013-09-07,20.962458804329014
2013-09-08,14.086588422108086
2013-09-09,15.07140270366253
2013-09-10,13.56160468602246
2013-09-11,12.454621849504024
2013-09-12,18.476015374315455
2013-09-13,17.725100955742718
2013-09-14,150.5045223693515
2013-09-15,10.216304641229286
2013-09-16,13.323670024367448
2013-09-17,15.07140270366253
2013-09-18,12.253830501067256
2013-09-19,16.80980655928955
2013-09-20,12.253830501067256
2013-09-21,12.454621849504024
2013-09-22,19.509565216246905
2013-09-23,17.625439963293186
2013-09-24,12.253830501067256
2013-09-25,21.09217618813831
2013-09-26,18.38008187490414
2013-09-27,15.07140270366253
2013-09-28,13.112300113264821
2013-09-29,145.80722785046544
2013-09-30,65.11434601940087
2013-10-01,116.65935427987583
2013-10-02,100.75477118664148
2013-10-03,15.956326933593004
2013-10-04,15.78698849847419
2013-10-05,66.31925942584378
2013-10-06,65.59894960071625
2013-10-07,27.037887777284624
2013-10-08,3205.908368607571
2013-10-09,14.278299547137038
2013-10-10,12.253830501067256
2013-10-11,20.07816139880634
2013-10-12,16.019705400207542
2013-10-13,15.78698849847419
2013-10-14,15.07140270366253
2013-10-15,78.25000731999613
2013-10-16,66.03352012783036
2013-10-17,15.78698849847419
2013-10-18,15.78698849847419
2013-10-19,15.78698849847419
2013-10-20,13.656560346271736
2013-10-21,14.440254285999202
2013-10-22,15.78698849847419
2013-10-23,17.099519332368505
2013-10-24,36.468611836696624
2013-10-25,33.93641384161559
2013-10-26,56.6211868468522
2013-10-27,14.440254285999202
2013-10-28,15.78698849847419
2013-10-29,15.78698849847419
2013-10-30,14.440254285999202
2013-10-31,13.690360341096657
2013-11-01,15.78698849847419
2013-11-02,15.78698849847419
2013-11-03,15.78698849847419
2013-11-04,19.17345746945967
2013-11-05,15.78698849847419
2013-11-06,14.440254285999202
2013-11-07,16.55857855479293
2013-11-08,15.78698849847419
2013-11-09,131.01807576156287
2013-11-10,1836.8154002195251
2013-11-11,452.08129757872064
2013-11-12,36.468611836696624
2013-11-13,15.55532462904871
2013-11-14,15.78698849847419
2013-11-15,15.373210485719087
2013-11-16,20.428242802338758
2013-11-17,385.7644063861887
2013-11-18,982.5086141786253
2013-11-19,828.5792406690792
2013-11-20,42.1681390727549
2013-11-21,15.373210485719087
2013-11-22,15.435425139820175
2013-11-23,15.78698849847419
2013-11-24,3184.9179146356496
2013-11-25,583.8265233467121
2013-11-26,41.97857106651822
2013-11-27,993.7550541923763
2013-11-28,768.7833983490659
2013-11-29,868.3673529192846
2013-11-30,15.373210485719087
2013-12-01,14.757379049882998
2013-12-02,16.55857855479293
2013-12-03,15.78698849847419
2013-12-04,14.440254285999202
2013-12-05,15.78698849847419
2013-12-06,15.373210485719087
2013-12-07,15.78698849847419
2013-12-08,15.78698849847419
2013-12-09,3044.576894278959
2013-12-10,843.8723680815506
2013-12-11,831.5192213427017
2013-12-12,43.351821134282645
2013-12-13,426.0264265423358
2013-12-14,20.623747971415465
2013-12-15,18.38008187490414
2013-12-16,15.78698849847419
2013-12-17,115.50148134123447
2013-12-18,139.2086257061427
2013-12-19,828.5792406690792
2013-12-20,843.8723680815506
2013-12-21,462.92472682460277
2013-12-22,20.623747971415465
2013-12-23,20.623747971415465
2013-12-24,19.5279053669527
2013-12-25,15.78698849847419
2013-12-26,852.6927580394079
2013-12-27,843.8723680815506
2013-12-28,622.1657744909403
2013-12-29,903.3453488466761
2013-12-30,25.477989455088565
2013-12-31,63.459317178337685
2014-01-01,24.736606623935906
2014-01-02,14.440254285999202
2014-01-03,15.78698849847419
2014-01-04,16.55857855479293
2014-01-05,15.373210485719087
2014-01-06,15.78698849847419
2014-01-07,15.78698849847419
2014-01-08,1280.2275731607594
2014-01-09,831.5192213427017
2014-01-10,16.55857855479293
2014-01-11,14.440254285999202
2014-01-12,27.44008423501859
2014-01-13,20.809184650424207
2014-01-14,16.55857855479293
2014-01-15,15.004518581409325
2014-01-16,14.440254285999202
2014-01-17,14.440254285999202
2014-01-18,339.3304745494355
2014-01-19,20.42195754896836
2014-01-20,442.1450906343156
2014-01-21,873.3400205073051
2014-01-22,27.44008423501859
2014-01-23,15.78698849847419
2014-01-24,14.54773251191818
2014-01-25,32.82308315800948
2014-01-26,21.00306120263082
2014-01-27,15.78698849847419
2014-01-28,14.440254285999202
2014-01-29,87.62531370217806
2014-01-30,46.01519905980458
2014-01-31,15.78698849847419
2014-02-01,105.32049083973733
2014-02-02,13.158028400073185
2014-02-03,60.37962685495812
2014-02-04,891.9384371954657
2014-02-05,14.440254285999202
2014-02-06,122.94038288381174
2014-02-07,83.26288751330453
2014-02-08,132.1514756505732
2014-02-09,51.79847920079079
2014-02-10,105.52060400212754
2014-02-11,14.791685063118852
2014-02-12,14.440254285999202
2014-02-13,14.940840437727939
2014-02-14,14.791685063118852
2014-02-15,15.757364407725417
2014-02-16,15.78698849847419
2014-02-17,490.5421607498039
2014-02-18,20.472848617459338
2014-02-19,14.940840437727939
2014-02-20,18.38008187490414
2014-02-21,16.55857855479293
2014-02-22,15.78698849847419
2014-02-23,15.78698849847419
2014-02-24,15.78698849847419
2014-02-25,15.78698849847419
2014-02-26,475.22619671529196
2014-02-27,15.435425139820175
2014-02-28,15.78698849847419
2014-03-01,125.17827175884321
2014-03-02,45.13474632632645
2014-03-03,14.440254285999202
2014-03-04,114.04747512187429
2014-03-05,55.560324647065144
2014-03-06,22.067750835813797
2014-03-07,22.36658020147289
2014-03-08,14.440254285999202
2014-03-09,46.56094655240182
2014-03-10,35.50380004099492
2014-03-11,14.440254285999202
2014-03-12,508.993603669129
2014-03-13,875.7757751886193
2014-03-14,51.31931359535291
2014-03-15,21.056653445700903
2014-03-16,22.792198790144077
2014-03-17,115.50148134123447
2014-03-18,15.373210485719087
2014-03-19,14.440254285999202
2014-03-20,993.7550541923763
2014-03-21,907.4751510403546
2014-03-22,14.440254285999202
2014-03-23,15.78698849847419
2014-03-24,15.78698849847419
2014-03-25,147.285946317093
2014-03-26,18.172913382933995
2014-03-27,15.78698849847419
2014-03-28,16.019705400207542
2014-03-29,395.73838626972747
2014-03-30,59.309420118201324
2014-03-31,15.78698849847419
2014-04-01,15.78698849847419
2014-04-02,15.78698849847419
2014-04-03,550.6513022200394
2014-04-04,875.7000668420618
2014-04-05,852.6927580394079
2014-04-06,452.08129757872064
2014-04-07,15.78698849847419
2014-04-08,15.78698849847419
2014-04-09,15.78698849847419
2014-04-10,14.859459650635712
2014-04-11,14.440254285999202
2014-04-12,91.98306079865219
2014-04-13,126.61160039747018
2014-04-14,15.78698849847419
2014-04-15,15.78698849847419
2014-04-16,15.78698849847419
2014-04-17,105.5024900804534
2014-04-18,15.78698849847419
2014-04-19,41.24962700504821
2014-04-20,69.35201013144378
2014-04-21,15.78698849847419
2014-04-22,14.440254285999202
2014-04-23,15.78698849847419
2014-04-24,15.78698849847419
2014-04-25,15.78698849847419
2014-04-26,14.372074756509127
2014-04-27,439.84302381469877
2014-04-28,492.50662232226534
2014-04-29,22.241531968222056
2014-04-30,16.55857855479293
2014-05-01,15.78698849847419
2014-05-02,18.38008187490414
2014-05-03,20.144957831942705
2014-05-04,69.34169000950237
2014-05-05,21.966559376032023
2014-05-06,15.78698849847419
2014-05-07,15.373210485719087
2014-05-08,13.742096941146313
2014-05-09,15.78698849847419
2014-05-10,14.940840437727939
2014-05-11,123.08013249969139
2014-05-12,308.16611415979105
2014-05-13,15.78698849847419
2014-05-14,104.57219159349852
2014-05-15,21.966559376032023
2014-05-16,15.78698849847419
2014-05-17,15.78698849847419
2014-05-18,15.78698849847419
2014-05-19,15.78698849847419
2014-05-20,479.3272421129142
2014-05-21,15.78698849847419
2014-05-22,15.78698849847419
2014-05-23,15.78698849847419
2014-05-24,15.78698849847419
2014-05-25,562.0866640364109
2014-05-26,12.551267025530464
2014-05-27,13.780415845442963
2014-05-28,13.95816302372111
2014-05-29,15.78698849847419
2014-05-30,15.07140270366253
2014-05-31,15.07140270366253
2014-06-01,13.780415845442963
2014-06-02,2486.153986813595
2014-06-03,22.199090610955754
2014-06-04,15.78698849847419
2014-06-05,14.440254285999202
2014-06-06,15.78698849847419
2014-06-07,15.78698849847419
2014-06-08,15.78698849847419
2014-06-09,15.78698849847419
2014-06-10,15.78698849847419
2014-06-11,15.78698849847419
2014-06-12,15.373210485719087
2014-06-13,15.07140270366253
2014-06-14,15.07140270366253
2014-06-15,15.07140270366253
2014-06-16,17.184471998501895
2014-06-17,481.58149905363007
2014-06-18,16.867957627874986
2014-06-19,15.07140270366253
2014-06-20,14.112299393537267
2014-06-21,125.4596312248833
2014-06-22,64.70178821477427
2014-06-23,15.07140270366253
2014-06-24,15.07140270366253
2014-06-25,15.78698849847419
2014-06-26,15.07140270366253
2014-06-27,14.086588422108086
2014-06-28,14.086588422108086
2014-06-29,15.07140270366253
2014-06-30,14.086588422108086
2014-07-01,12.733230768997522
2014-07-02,142.47416876589878
2014-07-03,11.399741075407125
2014-07-04,12.733230768997522
2014-07-05,219.3571234988009
2014-07-06,480.4176144932047
2014-07-07,12.733230768997522
2014-07-08,8.579789035637237
2014-07-09,4663.059043252352
2014-07-10,49.43622282954006
2014-07-11,12.253830501067256
2014-07-12,133.29560110446494
2014-07-13,137.91347082426284
2014-07-14,12.733230768997522
2014-07-15,191.69814708567742
2014-07-16,12.733230768997522
2014-07-17,23.276658214427826
2014-07-18,19.784032815233946
2014-07-19,143.3914346969653
2014-07-20,15.861179245274135
2014-07-21,14.051301280069524
2014-07-22,19.560790811439496
2014-07-23,16.460361127723083
2014-07-24,17.725100955742718
2014-07-25,25.283030241720866
2014-07-26,17.327034912039178
2014-07-27,33.258273706987886
2014-07-28,96.88477502557404
2014-07-29,20.171734620605967
2014-07-30,15.813079208563215
2014-07-31,17.018967683077936
2014-08-01,789.3558787804593
2014-08-02,4100.061290994549
2014-08-03,114.2701844582317
2014-08-04,130.32322702363157
2014-08-05,20.59901031160677
2014-08-06,18.476015374315455
2014-08-07,20.171734620605967
2014-08-08,18.903476476554417
2014-08-09,24.805465045135243
2014-08-10,17.3249611336992
2014-08-11,13.745024951798682
2014-08-12,15.861179245274135
2014-08-13,25.654630471163003
2014-08-14,121.7390326665795
2014-08-15,95.5881952042418
2014-08-16,14.051301280069524
2014-08-17,139.90295492511922
2014-08-18,116.84452155814978
2014-08-19,444.0049799299863
2014-08-20,742.246041276271
2014-08-21,28.88348320138285
2014-08-22,12.253830501067256
2014-08-23,13.754128413365965
2014-08-24,910.2569206397301
2014-08-25,35.48092525588905
2014-08-26,17.3249611336992
2014-08-27,29.482327869180217
2014-08-28,149.69111099388368
2014-08-29,129.45377558651037
2014-08-30,14.058682437179527
2014-08-31,12.733230768997522
2014-09-01,12.253830501067256
2014-09-02,16.89905049475267
2014-09-03,101.7023038699049
2014-09-04,12.253830501067256
2014-09-05,13.112300113264821
2014-09-06,20.671343820284136
2014-09-07,14.051301280069524
2014-09-08,12.253830501067256
2014-09-09,12.253830501067256
2014-09-10,11.624398028560826
2014-09-11,15.07140270366253
2014-09-12,23.62577211599364
2014-09-13,12.174268615971101
2014-09-14,12.733230768997522
2014-09-15,13.112300113264821
2014-09-16,12.733230768997522
2014-09-17,12.733230768997522
2014-09-18,19.30803672350709
2014-09-19,120.26566154254704
2014-09-20,15.07140270366253
2014-09-21,15.07140270366253
2014-09-22,14.086588422108086
2014-09-23,815.3308026639195
2014-09-24,4528.909300973552
2014-09-25,20.995173495600902
2014-09-26,15.07140270366253
2014-09-27,15.07140270366253
2014-09-28,15.07140270366253
2014-09-29,104.38033979311345
2014-09-30,120.0164258192136
2014-10-01,14.086588422108086
2014-10-02,15.294486411672882
2014-10-03,18.38008187490414
2014-10-04,19.677642089788392
2014-10-05,23.376588827047293
2014-10-06,22.067750835813797
2014-10-07,15.78698849847419
2014-10-08,15.78698849847419
2014-10-09,15.78698849847419
2014-10-10,15.07140270366253
2014-10-11,18.31153327497466
2014-10-12,1327.8872977169083
2014-10-13,1055.620676482581
2014-10-14,19.17345746945967
2014-10-15,15.78698849847419
2014-10-16,24.964614187347824
2014-10-17,14.440254285999202
2014-10-18,15.78698849847419
2014-10-19,15.78698849847419
2014-10-20,14.086588422108086
2014-10-21,120.20420407937023
2014-10-22,101.39390165960945
2014-10-23,15.78698849847419
2014-10-24,15.78698849847419
2014-10-25,15.78698849847419
2014-10-26,15.78698849847419
2014-10-27,15.035028987932774
2014-10-28,15.78698849847419
2014-10-29,15.78698849847419
2014-10-30,15.78698849847419
2014-10-31,112.0101236382894
2014-11-01,14.024495091022338
2014-11-02,883.8427958944901
2014-11-03,71.42809849853609
2014-11-04,15.78698849847419
2014-11-05,15.78698849847419
2014-11-06,14.940840437727939
2014-11-07,14.167396898361702
2014-11-08,131.7062058315241
2014-11-09,16.55857855479293
2014-11-10,14.440254285999202
2014-11-11,15.373210485719087
2014-11-12,861.8443254562499
2014-11-13,614.2578644396507
2014-11-14,15.328039622843525
2014-11-15,14.440254285999202
2014-11-16,15.78698849847419
2014-11-17,21.00306120263082
2014-11-18,19.17345746945967
2014-11-19,15.78698849847419
2014-11-20,15.78698849847419
2014-11-21,15.78698849847419
2014-11-22,15.78698849847419
2014-11-23,15.78698849847419
2014-11-24,358.59358028642697
2014-11-25,91.6770673603015
2014-11-26,131.05304058019303
2014-11-27,15.78698849847419
2014-11-28,122.98159002935164
2014-11-29,16.55857855479293
2014-11-30,2377.1182107320988
2014-12-01,859.0654732261888
2014-12-02,857.5138113664618
2014-12-03,104.7802829167619
2014-12-04,224.22726119030187
2014-12-05,1290.6096054856162
2014-12-06,781.2819746295525
2014-12-07,14.859459650635712
2014-12-08,130.1246016120499
2014-12-09,15.373210485719087
2014-12-10,15.373210485719087
2014-12-11,83.06175755001775
2014-12-12,441.8953053858336
2014-12-13,447.54864044916053
2014-12-14,25.609822623404362
2014-12-15,136.98798782736583
2014-12-16,760.2942020504229
2014-12-17,907.697645218019
2014-12-18,86.03769402698711
2014-12-19,15.78698849847419
2014-12-20,466.20962903850096
2014-12-21,1015.1177134576312
2014-12-22,831.5192213427017
2014-12-23,14.440254285999202
2014-12-24,38.63458734843128
2014-12-25,38.63458734843128
2014-12-26,15.435425139820175
2014-12-27,15.78698849847419
2014-12-28,14.167396898361702
2014-12-29,15.956326933593004
2014-12-30,19.17345746945967
2014-12-31,1078.9500756343589
2015-01-01,896.1610004790518
2015-01-02,599.3668592833324
2015-01-03,14.440254285999202
2015-01-04,13.824299435898695
2015-01-05,74.75950278861852
2015-01-06,521.6716562516931
2015-01-07,367.68493778047855
2015-01-08,59.06361980275912
2015-01-09,27.031455003300614
2015-01-10,24.736606623935906
2015-01-11,52.64844532345596
2015-01-12,19.5279053669527
2015-01-13,15.78698849847419
2015-01-14,418.9481556808509
2015-01-15,25.477989455088565
2015-01-16,624.9967372233783
2015-01-17,452.08129757872064
2015-01-18,89.08554359496227
2015-01-19,749.9892152439356
2015-01-20,14.440254285999202
2015-01-21,137.23137799447542
2015-01-22,73.02866457220554
2015-01-23,16.55857855479293
2015-01-24,15.78698849847419
2015-01-25,107.32598715855329
2015-01-26,24.377735051035476
2015-01-27,30.394527987200682
2015-01-28,18.38008187490414
2015-01-29,125.58256281662483
2015-01-30,258.42714359755155
2015-01-31,66.03352012783036
2015-02-01,14.440254285999202
2015-02-02,14.440254285999202
2015-02-03,15.328039622843525
2015-02-04,30.19987175875846
2015-02-05,836.5682181387031
2015-02-06,14.826855458027236
2015-02-07,19.17345746945967
2015-02-08,843.8723680815506
2015-02-09,66.03352012783036
2015-02-10,20.623747971415465
2015-02-11,14.26049355253361
2015-02-12,23.660686217436783
2015-02-13,22.067750835813797
2015-02-14,14.440254285999202
2015-02-15,401.92100774216243
2015-02-16,45.80653567045048
2015-02-17,55.97296174293588
2015-02-18,66.67300109091393
2015-02-19,66.03352012783036
2015-02-20,14.440254285999202
2015-02-21,498.3026793153469
2015-02-22,23.216253047812536
2015-02-23,15.181833190766367
2015-02-24,13.656560346271736
2015-02-25,15.78698849847419
2015-02-26,25.48490225824216
2015-02-27,27.031455003300614
2015-02-28,110.8181386950497
2015-03-01,66.54676800155796
2015-03-02,15.373210485719087
2015-03-03,75.28744979612124
2015-03-04,836.5682181387031
2015-03-05,15.328039622843525
2015-03-06,20.206568716454804
2015-03-07,15.78698849847419
2015-03-08,15.78698849847419
2015-03-09,973.9158251952351
2015-03-10,1181.8929058197323
2015-03-11,46.56094655240182
2015-03-12,18.38008187490414
2015-03-13,15.78698849847419
2015-03-14,15.78698849847419
2015-03-15,15.78698849847419
2015-03-16,15.78698849847419
2015-03-17,15.78698849847419
2015-03-18,516.9065045333548
2015-03-19,22.780258173904386
2015-03-20,14.440254285999202
2015-03-21,15.78698849847419
2015-03-22,13.656560346271736
2015-03-23,18.38008187490414
2015-03-24,15.956326933593004
2015-03-25,15.78698849847419
2015-03-26,15.78698849847419
2015-03-27,15.78698849847419
2015-03-28,15.78698849847419
2015-03-29,15.78698849847419
2015-03-30,15.78698849847419
2015-03-31,156.1544240771972
2015-04-01,15.78698849847419
2015-04-02,407.43346376397943
2015-04-03,180.8178781531417
2015-04-04,113.53040951800658
2015-04-05,26.366837939236476
2015-04-06,473.4489107536248
2015-04-07,14.167396898361702
2015-04-08,15.373210485719087
2015-04-09,15.78698849847419
2015-04-10,14.440254285999202
2015-04-11,15.78698849847419
2015-04-12,129.34486013997625
2015-04-13,135.7453135969052
2015-04-14,21.966559376032023
2015-04-15,19.8337993170834
2015-04-16,20.507375799376277
2015-04-17,15.78698849847419
2015-04-18,461.0005505096396
2015-04-19,461.0005505096396
2015-04-20,40.99842531706094
2015-04-21,15.78698849847419
2015-04-22,15.78698849847419
2015-04-23,15.78698849847419
2015-04-24,15.78698849847419
2015-04-25,15.78698849847419
2015-04-26,15.78698849847419
2015-04-27,15.78698849847419
2015-04-28,108.98032537640094
2015-04-29,78.65676393541027
2015-04-30,73.71791978587659
2015-05-01,15.78698849847419
2015-05-02,498.3026793153469
2015-05-03,355.70541596197614
2015-05-04,20.623747971415465
2015-05-05,15.373210485719087
2015-05-06,15.78698849847419
2015-05-07,15.78698849847419
2015-05-08,15.78698849847419
2015-05-09,20.206568716454804
2015-05-10,15.78698849847419
2015-05-11,790.9808201341157
2015-05-12,34.45442467997661
2015-05-13,24.278649592722815
2015-05-14,15.181833190766367
2015-05-15,39.71406709511019
2015-05-16,15.78698849847419
2015-05-17,15.78698849847419
2015-05-18,162.57447650985935
2015-05-19,15.78698849847419
2015-05-20,15.305725780779412
2015-05-21,14.786469219118352
2015-05-22,15.78698849847419
2015-05-23,15.78698849847419
2015-05-24,15.78698849847419
2015-05-25,15.78698849847419
2015-05-26,15.78698849847419
2015-05-27,15.78698849847419
2015-05-28,13.780415845442963
2015-05-29,15.78698849847419
2015-05-30,119.15145660456204
2015-05-31,15.78698849847419
2015-06-01,15.78698849847419
2015-06-02,284.69093631850734
2015-06-03,35.50380004099492
2015-06-04,14.440254285999202
2015-06-05,131.05304058019303
2015-06-06,15.78698849847419
2015-06-07,14.440254285999202
2015-06-08,70.87804722986137
2015-06-09,15.78698849847419
2015-06-10,13.780415845442963
2015-06-11,15.07140270366253
2015-06-12,15.07140270366253
2015-06-13,12.626304713058072
2015-06-14,15.07140270366253
2015-06-15,15.07140270366253
2015-06-16,19.88540178320836
2015-06-17,158.3848399424433
2015-06-18,13.780415845442963
2015-06-19,15.07140270366253
2015-06-20,15.78698849847419
2015-06-21,15.78698849847419
2015-06-22,15.78698849847419
2015-06-23,15.07140270366253
2015-06-24,451.31755324636816
2015-06-25,117.78923869808851
2015-06-26,94.24394534628789
2015-06-27,104.57219159349852
2015-06-28,15.78698849847419
2015-06-29,15.07140270366253
2015-06-30,525.0456861730925
2015-07-01,24.361249773775988
2015-07-02,15.78698849847419
2015-07-03,15.07140270366253
2015-07-04,15.07140270366253
2015-07-05,15.78698849847419
2015-07-06,49.358498773303566
2015-07-07,539.919322302745
2015-07-08,1074.8134830508068
2015-07-09,14.051301280069524
2015-07-10,11.182345199274856
2015-07-11,1991.1480323829396
2015-07-12,2184.2068387569266
2015-07-13,20.35585854821692
2015-07-14,12.253830501067256
2015-07-15,12.253830501067256
2015-07-16,12.392546910545224
2015-07-17,14.086588422108086
2015-07-18,12.733230768997522
2015-07-19,12.253830501067256
2015-07-20,14.051301280069524
2015-07-21,15.861179245274135
2015-07-22,363.0921983928629
2015-07-23,19.29782774307995
2015-07-24,23.94888484260323
2015-07-25,17.784072665098748
2015-07-26,20.171734620605967
2015-07-27,17.725100955742718
2015-07-28,20.171734620605967
2015-07-29,18.03848051882522
2015-07-30,17.725100955742718
2015-07-31,16.673785622487262
2015-08-01,17.725100955742718
2015-08-02,17.725100955742718
2015-08-03,16.460361127723083
2015-08-04,16.673785622487262
2015-08-05,16.460361127723083
2015-08-06,18.03848051882522
2015-08-07,18.03848051882522
2015-08-08,16.673785622487262
2015-08-09,16.460361127723083
2015-08-10,17.725100955742718
2015-08-11,839.9616818689119
2015-08-12,99.05190519870953
2015-08-13,17.327034912039178
2015-08-14,17.625439963293186
2015-08-15,12.477237147544955
2015-08-16,180.51375445129378
2015-08-17,15.861179245274135
2015-08-18,18.476015374315455
2015-08-19,20.171734620605967
2015-08-20,79.19007288653387
2015-08-21,1164.4444606104162
2015-08-22,17.3502463449285
2015-08-23,15.861179245274135
2015-08-24,150.2474056343941
2015-08-25,122.01478763866001
2015-08-26,14.474376477405063
2015-08-27,13.56160468602246
2015-08-28,33.121058336632615
2015-08-29,12.253830501067256
2015-08-30,12.253830501067256
2015-08-31,37.49858200059934
2015-09-01,12.839784914207161
2015-09-02,12.253830501067256
2015-09-03,13.534638623790904
2015-09-04,12.253830501067256
2015-09-05,303.7630826471137
2015-09-06,110.08970180210808
2015-09-07,13.621622995267249
2015-09-08,15.07140270366253
2015-09-09,15.07140270366253
2015-09-10,15.07140270366253
2015-09-11,15.07140270366253
2015-09-12,96.3697224456302
2015-09-13,15.811053195506602
2015-09-14,15.07140270366253
2015-09-15,15.07140270366253
2015-09-16,170.87589857764505
2015-09-17,15.07140270366253
2015-09-18,15.07140270366253
2015-09-19,15.07140270366253
2015-09-20,15.07140270366253
2015-09-21,15.07140270366253
2015-09-22,15.07140270366253
2015-09-23,517.1611633034221
2015-09-24,13.713510856660474
2015-09-25,13.621622995267249
2015-09-26,15.07140270366253
2015-09-27,15.07140270366253
2015-09-28,15.07140270366253
2015-09-29,12.392546910545224
2015-09-30,455.7080582644727
2015-10-01,2651.2746790306965
2015-10-02,963.9081924093596
2015-10-03,15.78698849847419
2015-10-04,15.78698849847419
2015-10-05,15.78698849847419
2015-10-06,15.78698849847419
2015-10-07,15.78698849847419
2015-10-08,15.373210485719087
2015-10-09,14.26049355253361
2015-10-10,49.97234914119284
2015-10-11,63.459317178337685
2015-10-12,42.1681390727549
2015-10-13,19.17345746945967
2015-10-14,15.78698849847419
2015-10-15,15.78698849847419
2015-10-16,15.78698849847419
2015-10-17,15.78698849847419
2015-10-18,15.78698849847419
2015-10-19,15.78698849847419
2015-10-20,15.78698849847419
2015-10-21,15.78698849847419
2015-10-22,15.78698849847419
2015-10-23,15.78698849847419
2015-10-24,15.78698849847419
2015-10-25,14.440254285999202
2015-10-26,15.78698849847419
2015-10-27,132.7987701765743
2015-10-28,23.38373893054303
2015-10-29,15.78698849847419
2015-10-30,20.522800801407186
2015-10-31,15.55532462904871
2015-11-01,15.78698849847419
2015-11-02,15.373210485719087
2015-11-03,15.78698849847419
2015-11-04,15.78698849847419
2015-11-05,15.78698849847419
2015-11-06,68.94565002004964
2015-11-07,313.8078041639364
2015-11-08,15.373210485719087
2015-11-09,45.80653567045048
2015-11-10,29.888623258004266
2015-11-11,15.78698849847419
2015-11-12,15.78698849847419
2015-11-13,493.90609926315676
2015-11-14,16.55857855479293
2015-11-15,15.78698849847419
2015-11-16,65.7997224147947
2015-11-17,15.78698849847419
2015-11-18,439.02495321668073
2015-11-19,129.34486013997625
2015-11-20,15.78698849847419
2015-11-21,15.78698849847419
2015-11-22,15.78698849847419
2015-11-23,105.5024900804534
2015-11-24,74.75950278861852
2015-11-25,336.04984215637523
2015-11-26,784.7496512120192
2015-11-27,875.7000668420618
2015-11-28,14.440254285999202
2015-11-29,15.78698849847419
2015-11-30,13.461109382478558
2015-12-01,15.78698849847419
2015-12-02,152.53314795880155
2015-12-03,1212.6816616269061
2015-12-04,510.7195177455841
2015-12-05,16.55857855479293
2015-12-06,14.440254285999202
2015-12-07,15.373210485719087
2015-12-08,15.181833190766367
2015-12-09,15.78698849847419
2015-12-10,513.5863824340593
2015-12-11,883.904041711522
2015-12-12,15.78698849847419
2015-12-13,15.78698849847419
2015-12-14,119.7808721117922
2015-12-15,30.19987175875846
2015-12-16,1197.974031168188
2015-12-17,900.9184205287354
2015-12-18,19.17345746945967
2015-12-19,15.78698849847419
2015-12-20,90.51468302209648
2015-12-21,94.1206000232911
2015-12-22,15.78698849847419
2015-12-23,113.53384595911541
2015-12-24,33.50678624254474
2015-12-25,49.83870721935287
2015-12-26,25.477989455088565
2015-12-27,47.48565669260006
2015-12-28,32.70543523754359
2015-12-29,14.825886102313923
2015-12-30,14.859459650635712
2015-12-31,36.468611836696624
